id,bid1,bid10,bid2,bid3,bid4,bid5,bid6,bid7,bid8,bid9,m1,m2,m3,m4,m5,m6,m7,m8,m9,m10
1,88.34,136.71,91,94.36,98.42,103.11,108.5,114.52,121.24,128.66,138,75.77777778,75.77777778,75.77777778,75.77777778,75.77777778,75.77777778,75.77777778,75.77777778,75.77777778
2,88.34,136.71,91,94.36,98.42,103.11,108.5,114.52,121.24,128.66,276,215.7777778,215.7777778,215.7777778,215.7777778,215.7777778,215.7777778,215.7777778,215.7777778,215.7777778
3,75.6,443.87,97.51,124.18,155.61,191.8,232.75,278.39,328.79,383.95,151.8,188.9111111,188.9111111,188.9111111,188.9111111,188.9111111,188.9111111,188.9111111,188.9111111,188.9111111
4,80.08,169.82,85.82,92.68,100.52,109.48,119.42,130.48,142.52,155.68,138,189.1111111,189.1111111,189.1111111,189.1111111,189.1111111,189.1111111,189.1111111,189.1111111,189.1111111
5,96.6,170.03,101.01,106.4,112.77,119.98,128.17,137.2,147.21,158.2,138,112.6666667,112.6666667,112.6666667,112.6666667,112.6666667,112.6666667,112.6666667,112.6666667,112.6666667
6,75.6,443.87,97.51,124.18,155.61,191.8,232.75,278.39,328.79,383.95,276,110.6666667,110.6666667,110.6666667,110.6666667,110.6666667,110.6666667,110.6666667,110.6666667,110.6666667
